{"buy":{"order_no":1614825210444,"rsrv":"\\u0000\\u0000","act_no":1614825210,"acct_id":"a14","pbu":0.3092558883907782,"trade_price":46,"yesterday_price":23,"trade_vol":4000,"sec_code":"p1","ts":1614825210441},"sell":{"order_no":1614825210444,"rsrv":"\\u0000\\u0000","act_no":1614825210,"acct_id":"a18","pbu":0.3382026855610333,"trade_price":46,"yesterday_price":23,"trade_vol":4000,"sec_code":"p1","ts":1614825210441}}
{"buy":{"order_no":1614825210947,"rsrv":"\\u0000\\u0000","act_no":1614825210,"acct_id":"a20","pbu":0.9472414379631405,"trade_price":84,"yesterday_price":23,"trade_vol":9000,"sec_code":"p3","ts":1614825210945},"sell":{"order_no":1614825210947,"rsrv":"\\u0000\\u0000","act_no":1614825210,"acct_id":"a7","pbu":0.17111995217288,"trade_price":84,"yesterday_price":23,"trade_vol":9000,"sec_code":"p3","ts":1614825210945}}
{"buy":{"order_no":1614825211451,"rsrv":"\\u0000\\u0000","act_no":1614825211,"acct_id":"a12","pbu":0.8241398103609315,"trade_price":62,"yesterday_price":23,"trade_vol":8000,"sec_code":"p1","ts":1614825211449},"sell":{"order_no":1614825211451,"rsrv":"\\u0000\\u0000","act_no":1614825211,"acct_id":"a20","pbu":0.10338488021520964,"trade_price":62,"yesterday_price":23,"trade_vol":8000,"sec_code":"p1","ts":1614825211449}}
{"buy":{"order_no":1614825211955,"rsrv":"\\u0000\\u0000","act_no":1614825211,"acct_id":"a16","pbu":0.1685802685395611,"trade_price":77,"yesterday_price":23,"trade_vol":7000,"sec_code":"p4","ts":1614825211953},"sell":{"order_no":1614825211955,"rsrv":"\\u0000\\u0000","act_no":1614825211,"acct_id":"a14","pbu":0.09866993448791617,"trade_price":77,"yesterday_price":23,"trade_vol":7000,"sec_code":"p4","ts":1614825211953}}
{"buy":{"order_no":1614825212459,"rsrv":"\\u0000\\u0000","act_no":1614825212,"acct_id":"a11","pbu":0.47674331734904385,"trade_price":42,"yesterday_price":23,"trade_vol":7000,"sec_code":"p1","ts":1614825212457},"sell":{"order_no":1614825212459,"rsrv":"\\u0000\\u0000","act_no":1614825212,"acct_id":"a8","pbu":0.45597648540455726,"trade_price":42,"yesterday_price":23,"trade_vol":7000,"sec_code":"p1","ts":1614825212457}}
{"buy":{"order_no":1614825212963,"rsrv":"\\u0000\\u0000","act_no":1614825212,"acct_id":"a12","pbu":0.9250765926732611,"trade_price":56,"yesterday_price":23,"trade_vol":3000,"sec_code":"p2","ts":1614825212961},"sell":{"order_no":1614825212963,"rsrv":"\\u0000\\u0000","act_no":1614825212,"acct_id":"a9","pbu":0.6807312910874967,"trade_price":56,"yesterday_price":23,"trade_vol":3000,"sec_code":"p2","ts":1614825212961}}
{"buy":{"order_no":1614825213467,"rsrv":"\\u0000\\u0000","act_no":1614825213,"acct_id":"a19","pbu":0.19403902866407008,"trade_price":82,"yesterday_price":23,"trade_vol":10000,"sec_code":"p3","ts":1614825213465},"sell":{"order_no":1614825213467,"rsrv":"\\u0000\\u0000","act_no":1614825213,"acct_id":"a12","pbu":0.19041284991103657,"trade_price":82,"yesterday_price":23,"trade_vol":10000,"sec_code":"p3","ts":1614825213465}}
{"buy":{"order_no":1614825213971,"rsrv":"\\u0000\\u0000","act_no":1614825213,"acct_id":"a5","pbu":0.6501196337473052,"trade_price":72,"yesterday_price":23,"trade_vol":10000,"sec_code":"p1","ts":1614825213969},"sell":{"order_no":1614825213971,"rsrv":"\\u0000\\u0000","act_no":1614825213,"acct_id":"a10","pbu":0.8655248920096003,"trade_price":72,"yesterday_price":23,"trade_vol":10000,"sec_code":"p1","ts":1614825213969}}
{"buy":{"order_no":1614825214981,"rsrv":"\\u0000\\u0000","act_no":1614825214,"acct_id":"a7","pbu":0.9957358183833755,"trade_price":84,"yesterday_price":23,"trade_vol":7000,"sec_code":"p4","ts":1614825214979},"sell":{"order_no":1614825214981,"rsrv":"\\u0000\\u0000","act_no":1614825214,"acct_id":"a19","pbu":0.6225546666023803,"trade_price":84,"yesterday_price":23,"trade_vol":7000,"sec_code":"p4","ts":1614825214979}}
{"buy":{"order_no":1614825215992,"rsrv":"\\u0000\\u0000","act_no":1614825215,"acct_id":"a4","pbu":0.062157282829095606,"trade_price":60,"yesterday_price":23,"trade_vol":6000,"sec_code":"p4","ts":1614825215989},"sell":{"order_no":1614825215992,"rsrv":"\\u0000\\u0000","act_no":1614825215,"acct_id":"a18","pbu":0.6558597629751459,"trade_price":60,"yesterday_price":23,"trade_vol":6000,"sec_code":"p4","ts":1614825215989}}
{"buy":{"order_no":1614825216496,"rsrv":"\\u0000\\u0000","act_no":1614825216,"acct_id":"a6","pbu":0.31125564687091034,"trade_price":65,"yesterday_price":23,"trade_vol":8000,"sec_code":"p3","ts":1614825216494},"sell":{"order_no":1614825216496,"rsrv":"\\u0000\\u0000","act_no":1614825216,"acct_id":"a15","pbu":0.11423327846339126,"trade_price":65,"yesterday_price":23,"trade_vol":8000,"sec_code":"p3","ts":1614825216494}}
{"buy":{"order_no":1614825217001,"rsrv":"\\u0000\\u0000","act_no":1614825217,"acct_id":"a9","pbu":0.3951815989456794,"trade_price":29,"yesterday_price":23,"trade_vol":6000,"sec_code":"p3","ts":1614825216998},"sell":{"order_no":1614825217001,"rsrv":"\\u0000\\u0000","act_no":1614825217,"acct_id":"a6","pbu":0.9053104885437544,"trade_price":29,"yesterday_price":23,"trade_vol":6000,"sec_code":"p3","ts":1614825216998}}
{"buy":{"order_no":1614825217505,"rsrv":"\\u0000\\u0000","act_no":1614825217,"acct_id":"a6","pbu":0.9058117835484459,"trade_price":14,"yesterday_price":23,"trade_vol":2000,"sec_code":"p5","ts":1614825217503},"sell":{"order_no":1614825217505,"rsrv":"\\u0000\\u0000","act_no":1614825217,"acct_id":"a17","pbu":0.23089214420535664,"trade_price":14,"yesterday_price":23,"trade_vol":2000,"sec_code":"p5","ts":1614825217503}}
{"buy":{"order_no":1614825218513,"rsrv":"\\u0000\\u0000","act_no":1614825218,"acct_id":"a7","pbu":0.8657137629295824,"trade_price":49,"yesterday_price":23,"trade_vol":6000,"sec_code":"p4","ts":1614825218511},"sell":{"order_no":1614825218513,"rsrv":"\\u0000\\u0000","act_no":1614825218,"acct_id":"a15","pbu":0.43775356358094597,"trade_price":49,"yesterday_price":23,"trade_vol":6000,"sec_code":"p4","ts":1614825218511}}
{"buy":{"order_no":1614825219017,"rsrv":"\\u0000\\u0000","act_no":1614825219,"acct_id":"a13","pbu":0.7218894004565258,"trade_price":63,"yesterday_price":23,"trade_vol":9000,"sec_code":"p1","ts":1614825219015},"sell":{"order_no":1614825219017,"rsrv":"\\u0000\\u0000","act_no":1614825219,"acct_id":"a13","pbu":0.8012371331735333,"trade_price":63,"yesterday_price":23,"trade_vol":9000,"sec_code":"p1","ts":1614825219015}}
{"buy":{"order_no":1614825219521,"rsrv":"\\u0000\\u0000","act_no":1614825219,"acct_id":"a1","pbu":0.7795284298465628,"trade_price":97,"yesterday_price":23,"trade_vol":9000,"sec_code":"p4","ts":1614825219519},"sell":{"order_no":1614825219521,"rsrv":"\\u0000\\u0000","act_no":1614825219,"acct_id":"a16","pbu":0.29644667598578645,"trade_price":97,"yesterday_price":23,"trade_vol":9000,"sec_code":"p4","ts":1614825219519}}
{"buy":{"order_no":1614825220025,"rsrv":"\\u0000\\u0000","act_no":1614825220,"acct_id":"a5","pbu":0.9482408119199537,"trade_price":91,"yesterday_price":23,"trade_vol":7000,"sec_code":"p5","ts":1614825220024},"sell":{"order_no":1614825220025,"rsrv":"\\u0000\\u0000","act_no":1614825220,"acct_id":"a4","pbu":0.041944715368371854,"trade_price":91,"yesterday_price":23,"trade_vol":7000,"sec_code":"p5","ts":1614825220024}}
{"buy":{"order_no":1614825220530,"rsrv":"\\u0000\\u0000","act_no":1614825220,"acct_id":"a12","pbu":0.4753585763261555,"trade_price":78,"yesterday_price":23,"trade_vol":6000,"sec_code":"p1","ts":1614825220528},"sell":{"order_no":1614825220530,"rsrv":"\\u0000\\u0000","act_no":1614825220,"acct_id":"a11","pbu":0.6630884869441368,"trade_price":78,"yesterday_price":23,"trade_vol":6000,"sec_code":"p1","ts":1614825220528}}
{"buy":{"order_no":1614825221034,"rsrv":"\\u0000\\u0000","act_no":1614825221,"acct_id":"a11","pbu":0.4610133860156975,"trade_price":87,"yesterday_price":23,"trade_vol":10000,"sec_code":"p5","ts":1614825221032},"sell":{"order_no":1614825221034,"rsrv":"\\u0000\\u0000","act_no":1614825221,"acct_id":"a6","pbu":0.680333713677512,"trade_price":87,"yesterday_price":23,"trade_vol":10000,"sec_code":"p5","ts":1614825221032}}
{"buy":{"order_no":1614825221538,